idx,name1,name2,name3,name4,name5
16,Black,Vantablack,Registration Black,Black Hole,Armor Wash
17,Abyssal Blue,Alone in the Dark,D. Darx Blue,Alucard's Night,Prussian Nights
18,Midnight in Tokyo,Yves Klein Blue,Navy Blue,Phthalo Blue,Scotch Blue
19,Bohemian Blue,Traditional Royal Blue,Antarctic Circle,Keese Blue,Cobalt
20,Bluealicious,Medium Blue,Lady of the Sea,Pure Blue,Nightfall in Suburbia
21,Blue,Graphical 80's Sky,Star of David,Primary Blue,Strong Blue
22,Cucumber,Duck Hunt,Pakistan Green,Forest Ride,Emerald Green
23,Sandhill Crane,Mosque,Emerald Stone,Enamelled Jewel,Tidal Pool
24,Blue Flame,Impulse,Ink Blotch,Blue League,Blue Heist
25,Cobalt Stone,Wing Commander,Directoire Blue,Peptalk,Bottled Sea
26,Blue Ruin,Frosted Blueberries,Royal Navy Blue,Dead Blue Eyes,Pacific Bridge
27,Bright Blue,Blue Ribbon,Megaman Helmet,Nila Blue,Blue et une Nuit
28,Fine Pine,Lucky Clover,Hulk,Clover,Maniac Green
29,Absinthe Turquoise,Chagall Green,Spectral Green,Spanish Viridian,Bosphorus
30,Green Moblin,Green Lapis,Navigate,Well Blue,Milky Aquamarine
31,Stomy Shower,Lyrebird,Corfu Waters,Tiny Bubbles,Tusche Blue
32,Blue Cola,Calgar Blue,Electron Blue,Kahu Blue,Lvivian Rain
33,Too Blue to be True,Bubble Bobble P2,Brescian Blue,Azure,Starfleet Blue
34,Phosphor Green,Aquamentus Green,Bubble Bobble Green,Green Glimmer,Waystone Green
35,Go Green!,Greedo Green,Rita Repulsa,Alhambra Green,Jungle
36,Arcadia,Simply Green,Hobgoblin,Chromophobia Green,Moray Eel
37,Fiji,Jade Orchid,Bluebird,Cyan Sky,Garish Blue
38,Malibu Blue,Blue Fire,Blue Atoll,Maldives,Vanadyl Blue
39,Krishna Blue,Protoss Pylon,Blue Bolt,Hawaii Morning,Democrat
40,Greenalicious,Nuclear Throne,Tunic Green,Demeter Green,Vibrant Green
41,Alienated,Malachite,Limonana,Benzol Green,Green Priestess
42,Underwater Fern,Benzol Green,Caribbean Green,Cong Lu Green,Aqua Green
43,Channel Marker Green,Lifeless Green,Mint Leaf,Pristine Oceanic,Malted Mint Madness
44,Jade Glass,Aztec Turquoise,Mint Morning,Tilla Kari Mosque,First Timer Green
45,Neon Blue,Tropical Turquoise,Vivid Sky Blue,Bright Sky Blue,Whimsical Blue
46,Green,Venom Dart,Electric Pickle,Spring,EGA Green
47,Cathode Green,Booger Buster,Mike Wazowski Green,Spring Green,Guppie Green
48,Guppie Green,Spring Green,Turquoise Green,Ahaetulla Prasina,Booger Buster
49,Greenish Turquoise,Enthusiasm,Ying Guang Se Green,Minty Paradise,Night Pearl
50,Ice Ice Baby,Plunge Pool,Vibrant Mint,Frozen Boubble,Bright Teal
51,Aqua,Spanish Sky Blue,Fluorescent Turquoise,Agressive Aqua,Arctic Water
52,Spikey Red,Red Blood,Vampire Hunter,Soooo Bloody,Khorne Red
53,Clear Plum,Purple Dreamer,Divine Purple,Amygdala Purple,God of Nights
54,Peaceful Purple,SQL Injection Purple,Zeus Purple,Extraviolet,Pigment Indigo
55,Aubergine Perl,Elegant Midnight,Indiviolet Sunset,Purplue,Indigo Purple
56,Trusted Purple,Gonzo Violet,Space Opera,Violet Blue,Sea Serpent's Tears
57,Electric Indigo,Aladdin's Feather,Bright Indigo,Wei Lan Azure,Tezcatlipoca Blue
58,Mud Green,Earthy Khaki Green,Green Brown,Ayahuasca Vine,Serrano Pepper
59,Rhine Castle,Shades On,Charcoal Smudge,Iron,Hematite
60,Purple Balloon,Pharaoh Purple,Majestic Purple,Idol,Champion Blue
61,Bellflower,Yue Guang Lan Moonlight,Blue Iris,Evening Lagoon,Blue Marguerite
62,Exodus Fruit,Dark Periwinkle,Thick Blue,Ameixa,Majorelle Blue
63,Blue Genie,Blue Heath Butterfly,Shady Neon Blue,Blue Hepatica,Flickering Sea
64,Pesto Alla Genovese,Avocado,Olive Green,Topiary Green,Pistachio Flour
65,Hippie Green,Tuscan Herbs,Soylent Green,Clouded Pine,Spring Garden
66,Steel Teal,Arctic,Cretan Green,Tasmanian Sea,Pond Sedge
67,Pacific Coast,Shrinking Violet,Lichen Blue,Perfect Periwinkle,Sand Shark
68,Blue Jay,Livid,Berlin Blue,Little Boy Blue,Marina
69,Deep Denim,Punch Out Glove,Skinny Jeans,Flickery C64,C64 NTSC
70,Kermit Green,Leaf Green,Appetizing Asparagus,Yoshi,Emerald Glitter
71,Boring Green,Chlorella Green,Endo,Exploration Green,Techno Green
72,Verdigris Green,Green Tourmaline,Jade Cream,Sea Grass,Crazy Eyes
73,Aquarelle,Artesian Well,Fountain Blue,Experience,Timid Sea
74,Flyway,Disembark,Shimmering Brook,Riviera Blue,Crystal Seas
75,Tian Lan Sky,Abi Blue,Joust Blue,Hello Summer,Blue Jeans
76,Radioactive Lilypad,Tropical Funk,Corrosive Green,Blinking Terminal,Composite Artefact Green
77,Lightish Green,Koopa Green Shell,Scorpion Green,Fresh Green,Loud Green
78,Spring Bouquet,Van Gogh Green,Grotesque Green,Vegetation,Snow Pea
79,Medium Aquamarine,Sweet Garden,Tropical Tide,Aquarium Blue,Jamaican Jade
80,Hammam Blue,Pluviophile,Blue Radiance,Watercourse,Jazzy Jade
81,Athena Blue,Ionized-air Glow,Skyan,Electric Lemonade,Heisenberg Blue
82,Bright Green,Fertility Green,Hyper Green,Bright Lime Green,Sparkling Green
83,Screamin' Green,Biopunk,Green Katamari,Puyo Blob Green,Goblin Warboss
84,Thallium Flame,Grotesque Green,Flora,Light Green,Goblin Green
85,Ineffable Green,Hanuman Green,Venice Green,Illicit Green,Sea Green
86,Rare Wind,Move Mint,Spindrift,Icy Life,Near Moon
87,Moonglade Water,CGA Blue,Electric Sheep,Frozen Turquoise,Aggressive Baby Blue
88,Chanticleer,Glass Bull,Sacrifice Altar,Dark Red,Scab Red
89,Grapest,Cardinal Pink,Xereus Purple,Strong Cerise,Patriarch
90,Mardi Gras,Dark Magenta,Purple,Philippine Violet,Aunt Violet
91,Shade of Violet,Violet Poison,Shiffurple,Purple Feather Boa,French Violet
92,French Violet,Vibrant Violet,Violet Ink,Violet Poison,Voluptuous Violet
93,Purple Climax,Amethyst Ganzstar,Violent Violet,Poison Purple,Star Platinum Purple
94,Rat Brown,Soil Of Avagddu,Alligator,Ground Earth,He Se Brown
95,Rabbit Paws,Aged Beech,Tarsier,Forbidden Thrill,Rose Garland
96,Candy Violet,Dusty Purple,Ancient Murasaki Purple,Crushed Grape,Orchid Orchestra
97,Lusty Lavender,Chive Blossom,Genestealer Purple,Lavish Spending,Knight Elf
98,Gloomy Purple,Matt Purple,Iridescent Purple,Amethyst,Legendary Lavender
99,Purple Anemone,Purple Honeycreeper,Blackthorn Berry,Venetian Nights,Irrigo Purple
100,Drably Olive,Heart Gold,Old Asparagus,Krypton Green,Moscow Papyrus
101,Tilleul de Noemie,Green Savage,Green Scene,Spinach Souffle,Bandicoot
102,Mithril,Lunar Base,Looking Glass,Argent,Jumbo
103,Aster Purple,Non Skid Grey,Persian Violet,Papilio Argeotus,Skysail Blue
104,Tanzine,Bailey Bells,Mystic Iris,Adora,Mood Mode
105,Lavender Blue Shadow,Periwinkle,Blue Party Parrot,Orchid,Periwinkle Blue
106,Fresh Lawn,Dark Lime,Brilliant Green,Seasoned Apple Green,Grasping Grass
107,Broccoli,Chelsea Cucumber,Jealousy,Celuce,Nasturtium Leaf
108,Chatty Cricket,Shaded Willow,Peapod,Meadow,Mermaid's Cove
109,Hydrology,Bon Voyage,Cold Front Green,Shallow Water Ground,Jitterbug Lure
110,Blue Bell,Birdie Num Num,Buoyant Blue,Boy Blue,Reform
111,Kitten's Eye,Carolina Blue,Parakeet Blue,Scenic Water,Fly Away
112,Overgrown,Electric Leaf,Alien Armpit,Sheen Green,Green Cape
113,Lilliputian Lime,Bright Lettuce,Vivid Spring,Amazon Parrot,Fairy Tale Green
114,Greek Garden,De York,Electric Lettuce,Feralas Lime,VIC 20 Green
115,Jovial Jade,Tropical Trail,Pharaoh's Jade,Marooned,Aquamarine Ocean
116,Island Oasis,Mountain Lake Blue,Vibrant Soft Blue,Rainwater,VIC 20 Sky
117,Tranquil Pool,Kul Sharif Blue,Drift on the Sea,Platonic Blue,Clear Sky
118,Lasting Lime,Bright Lime,Radioactive,Radium,Mochito
119,Poisonous Dart,Lighter Green,Stadium Lawn,Amazon Parrot,Astro Arcade Green
120,Easter Green,Cobalt Green,Radar Blip Green,Light Green,Ulva Lactuca Green
121,Esper's Fungus Green,Green Epiphany,Foam Green,Mild Menthol,Mint Bliss
122,Tibetan Plateau,Roller Derby,Hiroshima Aquamarine,A State of Mint,Calamine BLue
123,Glitter Shower,Electric Blue,Shallow Water,Photon Projector,Defense Matrix
124,Red Door,Velvet Volcano,Heartbeat,Artful Red,Red Pentacle
125,Velvet Cupcake,Shy Guy Red,Aztec Warrior,Violet Red,Banafsaji Purple
126,Vibrant Velvet,Katy Berry,Blissful Berry,Eye Popping Cherry,King's Plum Pie
127,Energic Eggplant,Purple Potion,Purple Pirate,Heliotrope Magenta,Kinky Koala
128,Vibrant Purple,Ferocious Fuchsia,Capricious Purple,Vivid Mulberry,Foxy Fuchsia
129,Poison Purple Paradise,Digital Violets,Bright Violet,The Grape War of 97',Spectacular Purple
130,Orange Brown,Orangish Brown,Umber,Ginger,Butter Fudge
131,Italian Villa,Poppy Prose,Sienna Red,Cinnamon Candle,Spiced Tea
132,Dahlia Mauve,Wild Mulberry,Guppy Violet,Meadow Mauve,Cure All
133,Royalty Loyalty,Orchid Dottyback,Mazzy Star,Iris Orchid,Pearly Purple
134,Teldrassil Purple,Rich Lilac,Medium Orchid,Rich Lavender,Ripe Lavander
135,Purple Hedonist,Vega Violet,Lighter Purple,Queer Purple,Light Shotoku Purple
136,Strong Mustard,Chestnut Gold,Mustard Brown,Bark Sawdust,Cobra Leather
137,Clay Ochre,Roman Coin,Light Oak Brown,Caramel Kiss,Sacred Ground
138,Woodrose,Orchid Red,Warm Comfort,Audrey's Blush,Retro Pink
139,Dusty Lavender,Stage Mauve,Voila!,African Violet,Fashionably Plum
140,Middy's Purple,Lavender Blossom,Pale Purple,Lenurple,Fleur-De-Lis
141,Lilac Geode,Purple Illusionist,Liliac,Illicit Purple,Queer Purple
142,Honey and Thyme,Mustard Green,Dark Citron,Yew,Sulphine Yellow
143,Palm,Palm Frond,Green Me,April Green,Hemp Tea
144,Daddy-O,Lively Ivy,Wall Green,Underhive Ash,New Bamboo
145,Smoke Screen,Aluminum Sky,Bombay,Industrial Age,Tin Foil
146,Pixie Violet,Freesia Purple,Lavender Wash,Delicate Lilac,High Style
147,Winterspring Lilac,Shy Moment,Greyish Lavender,Purple Illusion,Dried Lilac
148,King Lime,Slimer Green,Immaculate Iguana,Vivid Lime Green,High Grass
149,Lime Lizard,Juicy Lime,Last of Lettuce,Citrus Leaf,Badass Grass
150,Fresh Lettuce,Peas In A Pod,Wasabi,Pastel Lime,Feijoa
151,Flower Stem,Fizz,Big Spender,Coral Springs,Pastel Mint Green
152,Rivers Edge,Light Continental Waters,Sugar Pool,Light Imagine,Wave Top
153,Ice Cold Stare,Droplet,Malmo FF,Endless Horizon,Night Snow
154,Lime Acid,Lime Candy Pearl,Lemon Green,Wolf Lichen,Spring Bud
155,Pale Lime Green,Irradiated Green,Luminescent Lime,Stinging Wasabi,Key Lime
156,Pistachio Mousse,Pale Light Green,Light Yellowish Green,Green Day,Green Incandescence
157,Creamy Mint,Light Seafoam Green,Light Mint Green,Light Pastel Green,Light Mint
158,Mintastic,Pale Turquoise,Seafair Green,Icery,Neo Mint
159,Celeste,Italian Sky Blue,Frostbite,Affen Turquoise,Winter Meadow
160,Red Republic,Rosso Corsa,Hot Fever,Red Pegasus,Red Epiphyllum
161,Tete-a-Tete,Magna Cum Laude,Rubine Red,Anger,Rowan
162,The Art of Seduction,Snappy Violet,Mexican Pink,Vampire Love Story,Benevolent Pink
163,Aphroditean Fuchsia,Explosive Purple,Purple Pirate,Fuchsia Intenso,Passionate Pink
164,Fuchsia Intenso,Fungal Hallucinations,Passionate Pink,Awkward Purple,Screaming Magenta
165,Psychedelic Purple,Phlox,Electric Orchid,Vivid Orchid,Hot Purple
166,Exuberance,Ancient Bamboo,Orange Danger,Raging Leaf,Tenne
167,Roman,Happy Hearts,Salami Slice,Deep Sea Coral,Tory Red
168,Surfer Girl,Blush d'Amour,Flirty Rose,Preppy Rose,Groovy
169,Mega Magenta,Pu Tao Zi Purple,Purple Hollyhock,Orion,Pink Charge
170,Free Speech Magenta,Blueberry Glaze,Thick Pink,Fuchsia Flash,Death of a Star
171,Flaming Flamingo,After-Party Pink,Pink Fever,Jacaranda Pink,Heliotrope
172,Fleur de Sel Caramel,Fox Tails,Harvest Eve Gold,Orange Pepper,Fulvous
173,Bright Sienna,Copper Tan,Harvest Time,Georgian Leather,Show Business
174,Peaches of Immortality,Copperfield,Rhubarb Pie,Finest Blush,Mauve Glow
175,Springtime Bloom,High Maintenance,Middle Purple,Vivacious Pink,Moonlit Mauve
176,Lavender Pink,Blush Essence,Purception,Lavender Perceptions,Hibiscus Pop
177,Lavender Tea,Crash Pink,Grass Pink Orchid,Pink Fetish,Bright Lilac
178,Palomino Gold,Deadly Yellow,Chinese Gold,Mustard,Burnt Yellow
179,Sell Gold,Butterscotch Bliss,Equator,Stranglethorn Ochre,French Pale Gold
180,Porcini,Santa Fe Tan,Calico,Caramel Cloud,Buttery Leather
181,Mary Rose,Radiant Rouge,Victoriana,Pale Persimmon,Ballet Rose
182,Whisper of Plum,Bff,Confectionary,Lilac Haze,Sea Lavender
183,Light Violet,Testosterose,Mauve,Teasel Dipsacus,Pink Illusion
184,Chartreuse Shot,Golden Gun,March Green,Mogwa-Cheong Yellow,Octarine
185,Banana Chalk,Chinese Green,Energized,Species,Sequesta
186,Wax Green,Treasury,Lime Ice,Garlic Toast,Golden Delicious
187,Green Mesh,Morning Moor,Kohlrabi Green,Mi Bai Beige,Dull Sage
188,Cape Hope,Silver Medal,Tundra,Windchill,Desired Dawn
189,Transparent Blue,Pale Lavender,Icy Plains,Nostalgia Perfume,Contrail
190,Lime Zest,Citron Goby,Bitter Lime,Dancing-Lady Orchid,Neon Yellow
191,Isotonic Water,Pear Spritz,Green of Bhabua,Ultra Moss,Tennis Ball
192,Green Shimmer,Honeydew Peel,Mystic Green,Green Incandescence,Sunny Lime
193,Lime Mist,Sour Green Cherry,Greedy Green,Breeze of Green,Distilled Venom
194,Transparent Green,Aquarelle Mint,Frosted Plains,Light Carolina,Mint Zest
195,Refreshing Primer,Salt Mountain,Mount Olympus,Cold Canada,Ice
196,Red,Rainbow's Outer Rim,Fire Engine,Encarnado,Left on Red
197,Flaming Hot Flamingoes,Sizzling Watermelon,New York Sunset,Standby Led,Sorx Red
198,Fancy Fuchsia,Hot Pink,Neon Rose,Flickr Pink,Strong Pink
199,Mean Girls Lipstick,Bright Pink,Ms. Pac-Man Kiss,Brutal Pink,Shocking Pink
200,Fuchsia Flame,Hot Magenta,Mademoiselle Pink,Vice City,Bright Magenta
201,Magenta,Sixteen Million Pink,Rainbow's Inner Rim,Brusque Pink,Fresh Neon Pink
202,Vivid Orange,Maximum Orange,Molten Core,Safety Orange,Willpower Orange
203,Fusion Red,Pineapple Salmon,Pompelmo,Pastel Red,Grapefruit
204,Stellar Strawberry,Brink Pink,Warm Pink,Ultra Red,Rosy Pink
205,Ying Guang Se Pink,Girls Night Out,Pink Katydid,Pink as Hell,Hot Pink Fusion
206,Illicit Pink,Rose Pink,Drunken Flamingo,Purple Pizzazz,Candy Pink
207,Violet Pink,Pink Flamingo,Magenta Stream,Ultimate Pink,Surati Pink
208,Mandarin Jelly,The New Black,American Orange,Sun Crete,Orange Juice
209,After Burn,Pink Fire,Protein High,Mango Orange,Nectarine
210,Red Mull,Coral Trails,Tulip,Prime Pink,Camaron Pink
211,Informative Pink,Tickle Me Pink,Strawberry Dreams,Pinky,Rock'n'Rose
212,Pink Delight,Princess Perfume,Pout Pink,Shimmering Love,Angel Face Rose
213,Darling Bud,Bubble Gum,Hottest Of Pinks,Technolust,Atomic Pink
214,Fresh Squeezed,Clementine Jelly,Frenzy,Yellow Exhilaration,Imperial Yellow
215,Vintage Orange,Dreamy Sunset,Burning Flame,Rajah,Mango Salsa
216,Spice Pink,Sunset over the Alps,Super Sepia,Coral Correlation,Coral Dusk
217,Fancy Flamingo,Cornflower Lilac,Wildflower Bouquet,Peach Bud,Apricot Haze
218,Lavender Candy,Spaghetti Strap Pink,Pink Cattleya,Fresh Gum,Hot Aquarelle Pink
219,Jigglypuff,Strawberry Buttercream,Distilled Rose,Sweet Slumber Pink,Pink Apotheosis
220,Gold,School Bus,Soviet Gold,Cyber Yellow,Evil-Lyn
221,Common Dandelion,Lemon Twist,Aspen Gold,Naples Yellow,Yellow Stagshorn
222,Workout Routine,Surfboard Yellow,Big Bus Yellow,Oberon,Egg Cream
223,Delicious Melon,Acini di Pepe,Venus Deathtrap,Forgotten Sunset,Satin Latour
224,We Peep,Forgotten Pink,Cottagecore Sunset,Go Go Pink,Satin Ribbon
225,Sugarpills,Pink Diamond,Strawberry Frost,Sugar Chic,Silky Pink
226,Yellow,Bat-Signal,Yell for Yellow,Lemon Glacier,Bright Yellow
227,Canary,Candy Corn,Duckling Fluff,Laser Lemon,Unmellow Yellow
228,Cinque Foil,Yippie Yellow,Aged Plastic Casing,Butter,Yellowish Tan
229,VIC 20 Creme,Parchment,Creamy Sunshine Pastel,Ginger Lemon Tea,Bollywood Gold
230,Poetic Yellow,Lit,Sun City,Pumpkin Seed,Matt White
231,White,White as Heaven,Whitecap Snow,Pale Grey,Polar Bear In A Blizzard
232,Reversed Grey,Accursed Black,Badab Black Wash,Black Metal,Existential Angst
233,Dark Tone Ink,Sticky Black Tarmac,Dreamless Sleep,Cursed Black,Glimpse into Space
234,Eerie Black,Coco's Black,Gluon Grey,Siyah Black,Dynamic Black
235,Nero,Bitter Liquorice,Dire Wolf,Bokara Grey,Darth Vader
236,Off Black,Tricorn Black,Coated,Tap Shoe,Black Cat
237,Dead Pixel,Black Liquorice,Boltgun Metal,Montana,Limousine Leather
238,Goshawk Grey,Medium Black,Greenish Black,Machine Gun Metal,Vulcanized
239,Black Oak,Charadon Granite,Perle Noir,Thunder,Fiftieth Shade of Grey
240,Shadow Mountain,Charcoal Dust,Sumi Ink,Carbon Dating,Industrial Grey
241,Kettleman,Grizzle Grey,Digital,Roycroft Pewter,Tornado Wind
242,Dove Grey,Scapa Flow,Boat Anchor,Shadows,Dark Ash
243,Lucky Grey,Sonic Silver,Steel Wool,Iron Mountain,Riverstone
244,Grey,Pound Sterling,Mt. Rushmore,Trolley Grey,Captain Nemo
245,Wild Dove,Argent,Falcon Grey,Heavy Rain,Pewter Ring
246,Grey Shingle,Moonlit Orchid,Grey Summit,Nickel,Shark Fin
247,Mortar Grey,Smoky Tone,Waiting,Cold Grey,Hugh's Hue
248,Uniform Grey,Nosferatu,Elephant in the Room,Ultimate Grey,Moon Landing
249,Tangled Web,Palladium,Silverstone,Harbour Fog,Praise Giving
250,Dust to Dust,Glacier Grey,Gravel Fint,Alaskan Grey,Anti Rainbow Grey
251,Silver Polish,Autonomous,Dreamscape Grey,Paternoster,Lunar Rock
252,Ancestral Water,Cool Elegance,Clouded Vision,American Silver,White Metal
253,Porpoise,Subtle Touch,Urban Snowfall,Orochimaru,Silver Setting
254,Titanium White,Windswept Beach,Tripoli White,Grey Whisper,Cold Morning
255,Super Silver,White Whale,Essence of Violet,Crystal Bell,White Edgar
